{"cameraMode":{"drawMode":0,"name":"Shaded","section":"Shading Mode"},"sceneLighting":true,"audioPlay":false,"sceneViewState":{"showFog":true,"showMaterialUpdate":true,"showSkybox":true,"showFlares":true,"showImageEffects":true,"showParticleSystems":true,"showVisualEffectGraphs":true,"m_FxEnabled":true},"in2DMode":false,"pivot":{"x":3.9935715198516847,"y":12.684890747070313,"z":7.0545454025268559},"rotation":{"x":0.45051702857017519,"y":0.04439972713589668,"z":-0.02250017412006855,"w":0.8913188576698303},"size":10.986260414123536,"orthographic":false}