{"cameraMode":{"drawMode":0,"name":"Shaded","section":"Shading Mode"},"sceneLighting":true,"audioPlay":false,"sceneViewState":{"showFog":true,"showMaterialUpdate":true,"showSkybox":true,"showFlares":true,"showImageEffects":true,"showParticleSystems":true},"in2DMode":false,"pivot":{"x":6.040020942687988,"y":-1.6814088821411133,"z":-5.376219272613525},"rotation":{"x":0.15209828317165376,"y":-0.8110320568084717,"z":0.24158138036727906,"w":0.5106240510940552},"size":15.229616165161133,"orthographic":false}